<?xml version="1.0" encoding="UTF-8" standalone="yes"?>
<ns2:ExportManifest xmlns:ns2="http://www.pentaho.com/schema/">
    <ExportManifestInformation exportDate="04-10-2018 06:15:36 IST" exportBy="admin" rootFolder="/home/admin/" manifestVersion="2"/>
    <ExportManifestEntity path="Foodengine Analytics">
        <ExportManifestProperty>
            <EntityMetaData name="Foodengine Analytics" createdDate="2018-09-01T11:22:15.418+05:30" isFolder="true" path="Foodengine Analytics" isHidden="false" isSchedulable="false" locale="en_US" title="Foodengine Analytics"/>
        </ExportManifestProperty>
        <ExportManifestProperty>
            <EntityAcl>
                <aces>
                    <permissions>ALL</permissions>
                    <recipient>admin</recipient>
                    <recipientType>USER</recipientType>
                </aces>
                <aces>
                    <permissions>READ</permissions>
                    <recipient>demo</recipient>
                    <recipientType>USER</recipientType>
                </aces>
                <entriesInheriting>false</entriesInheriting>
                <owner>admin</owner>
                <ownerType>USER</ownerType>
            </EntityAcl>
        </ExportManifestProperty>
    </ExportManifestEntity>
    <ExportManifestEntity path="Foodengine Analytics/Css">
        <ExportManifestProperty>
            <EntityMetaData name="Css" createdDate="2018-09-27T06:36:58.951+05:30" isFolder="true" path="Foodengine Analytics/Css" isHidden="false" isSchedulable="false" locale="en_US" title="Css"/>
        </ExportManifestProperty>
        <ExportManifestProperty>
            <EntityAcl>
                <entriesInheriting>true</entriesInheriting>
                <owner>admin</owner>
                <ownerType>USER</ownerType>
            </EntityAcl>
        </ExportManifestProperty>
    </ExportManifestEntity>
    <ExportManifestEntity path="Foodengine Analytics/Css/style.css">
        <ExportManifestProperty>
            <EntityMetaData name="style.css" createdDate="2018-09-27T06:37:12.761+05:30" isFolder="false" path="Foodengine Analytics/Css/style.css" isHidden="true" isSchedulable="true" locale="en_US" title="style.css"/>
        </ExportManifestProperty>
        <ExportManifestProperty>
            <EntityAcl>
                <entriesInheriting>true</entriesInheriting>
                <owner>admin</owner>
                <ownerType>USER</ownerType>
            </EntityAcl>
        </ExportManifestProperty>
    </ExportManifestEntity>
    <ExportManifestEntity path="Foodengine Analytics/DashboardHome.cdfde">
        <ExportManifestProperty>
            <EntityMetaData name="DashboardHome.cdfde" createdDate="2018-10-01T17:55:45.586+05:30" isFolder="false" path="Foodengine Analytics/DashboardHome.cdfde" isHidden="false" isSchedulable="true" locale="en_US" title="DashboardHome.cdfde"/>
        </ExportManifestProperty>
        <ExportManifestProperty>
            <EntityAcl>
                <entriesInheriting>true</entriesInheriting>
                <owner>admin</owner>
                <ownerType>USER</ownerType>
            </EntityAcl>
        </ExportManifestProperty>
    </ExportManifestEntity>
    <ExportManifestEntity path="Foodengine Analytics/DashboardHome.wcdf">
        <ExportManifestProperty>
            <EntityMetaData name="DashboardHome.wcdf" createdDate="2018-10-01T17:55:45.444+05:30" isFolder="false" path="Foodengine Analytics/DashboardHome.wcdf" isHidden="false" isSchedulable="true" locale="en_US" description="DashboardHome" title="DashboardHome"/>
        </ExportManifestProperty>
        <ExportManifestProperty>
            <EntityAcl>
                <entriesInheriting>true</entriesInheriting>
                <owner>admin</owner>
                <ownerType>USER</ownerType>
            </EntityAcl>
        </ExportManifestProperty>
    </ExportManifestEntity>
    <ExportManifestEntity path="Foodengine Analytics/Images">
        <ExportManifestProperty>
            <EntityMetaData name="Images" createdDate="2018-09-24T00:30:25.980+05:30" isFolder="true" path="Foodengine Analytics/Images" isHidden="false" isSchedulable="false" locale="en_US" title="Images"/>
        </ExportManifestProperty>
        <ExportManifestProperty>
            <EntityAcl>
                <entriesInheriting>true</entriesInheriting>
                <owner>admin</owner>
                <ownerType>USER</ownerType>
            </EntityAcl>
        </ExportManifestProperty>
    </ExportManifestEntity>
    <ExportManifestEntity path="Foodengine Analytics/Images/back.png">
        <ExportManifestProperty>
            <EntityMetaData name="back.png" createdDate="2018-09-27T07:21:37.203+05:30" isFolder="false" path="Foodengine Analytics/Images/back.png" isHidden="true" isSchedulable="true" locale="en_US" title="back.png"/>
        </ExportManifestProperty>
        <ExportManifestProperty>
            <EntityAcl>
                <entriesInheriting>true</entriesInheriting>
                <owner>admin</owner>
                <ownerType>USER</ownerType>
            </EntityAcl>
        </ExportManifestProperty>
    </ExportManifestEntity>
    <ExportManifestEntity path="Foodengine Analytics/Images/ecart.png">
        <ExportManifestProperty>
            <EntityMetaData name="ecart.png" createdDate="2018-09-24T01:06:10.490+05:30" isFolder="false" path="Foodengine Analytics/Images/ecart.png" isHidden="false" isSchedulable="true" locale="en_US" title="ecart.png"/>
        </ExportManifestProperty>
        <ExportManifestProperty>
            <EntityAcl>
                <entriesInheriting>true</entriesInheriting>
                <owner>admin</owner>
                <ownerType>USER</ownerType>
            </EntityAcl>
        </ExportManifestProperty>
    </ExportManifestEntity>
    <ExportManifestEntity path="Foodengine Analytics/Images/filter.png">
        <ExportManifestProperty>
            <EntityMetaData name="filter.png" createdDate="2018-09-26T23:03:27.883+05:30" isFolder="false" path="Foodengine Analytics/Images/filter.png" isHidden="true" isSchedulable="true" locale="en_US" title="filter.png"/>
        </ExportManifestProperty>
        <ExportManifestProperty>
            <EntityAcl>
                <entriesInheriting>true</entriesInheriting>
                <owner>admin</owner>
                <ownerType>USER</ownerType>
            </EntityAcl>
        </ExportManifestProperty>
    </ExportManifestEntity>
    <ExportManifestEntity path="Foodengine Analytics/Images/greenarrow.png">
        <ExportManifestProperty>
            <EntityMetaData name="greenarrow.png" createdDate="2018-09-27T20:43:30.828+05:30" isFolder="false" path="Foodengine Analytics/Images/greenarrow.png" isHidden="true" isSchedulable="true" locale="en_US" title="greenarrow.png"/>
        </ExportManifestProperty>
        <ExportManifestProperty>
            <EntityAcl>
                <entriesInheriting>true</entriesInheriting>
                <owner>admin</owner>
                <ownerType>USER</ownerType>
            </EntityAcl>
        </ExportManifestProperty>
    </ExportManifestEntity>
    <ExportManifestEntity path="Foodengine Analytics/Images/home.png">
        <ExportManifestProperty>
            <EntityMetaData name="home.png" createdDate="2018-10-03T10:22:35.254+05:30" isFolder="false" path="Foodengine Analytics/Images/home.png" isHidden="true" isSchedulable="true" locale="en_US" title="home.png"/>
        </ExportManifestProperty>
        <ExportManifestProperty>
            <EntityAcl>
                <entriesInheriting>true</entriesInheriting>
                <owner>admin</owner>
                <ownerType>USER</ownerType>
            </EntityAcl>
        </ExportManifestProperty>
    </ExportManifestEntity>
    <ExportManifestEntity path="Foodengine Analytics/Images/loginBI.jpg">
        <ExportManifestProperty>
            <EntityMetaData name="loginBI.jpg" createdDate="2018-10-01T23:07:33.156+05:30" isFolder="false" path="Foodengine Analytics/Images/loginBI.jpg" isHidden="true" isSchedulable="true" locale="en_US" title="loginBI.jpg"/>
        </ExportManifestProperty>
        <ExportManifestProperty>
            <EntityAcl>
                <entriesInheriting>true</entriesInheriting>
                <owner>admin</owner>
                <ownerType>USER</ownerType>
            </EntityAcl>
        </ExportManifestProperty>
    </ExportManifestEntity>
    <ExportManifestEntity path="Foodengine Analytics/Images/login_background.svg">
        <ExportManifestProperty>
            <EntityMetaData name="login_background.svg" createdDate="2018-10-02T01:01:43.386+05:30" isFolder="false" path="Foodengine Analytics/Images/login_background.svg" isHidden="true" isSchedulable="true" locale="en_US" title="login_background.svg"/>
        </ExportManifestProperty>
        <ExportManifestProperty>
            <EntityAcl>
                <entriesInheriting>true</entriesInheriting>
                <owner>admin</owner>
                <ownerType>USER</ownerType>
            </EntityAcl>
        </ExportManifestProperty>
    </ExportManifestEntity>
    <ExportManifestEntity path="Foodengine Analytics/Images/logout.png">
        <ExportManifestProperty>
            <EntityMetaData name="logout.png" createdDate="2018-10-01T17:37:56.384+05:30" isFolder="false" path="Foodengine Analytics/Images/logout.png" isHidden="true" isSchedulable="true" locale="en_US" title="logout.png"/>
        </ExportManifestProperty>
        <ExportManifestProperty>
            <EntityAcl>
                <entriesInheriting>true</entriesInheriting>
                <owner>admin</owner>
                <ownerType>USER</ownerType>
            </EntityAcl>
        </ExportManifestProperty>
    </ExportManifestEntity>
    <ExportManifestEntity path="Foodengine Analytics/Images/onlinesale.png">
        <ExportManifestProperty>
            <EntityMetaData name="onlinesale.png" createdDate="2018-09-26T22:16:44.327+05:30" isFolder="false" path="Foodengine Analytics/Images/onlinesale.png" isHidden="true" isSchedulable="true" locale="en_US" title="onlinesale.png"/>
        </ExportManifestProperty>
        <ExportManifestProperty>
            <EntityAcl>
                <entriesInheriting>true</entriesInheriting>
                <owner>admin</owner>
                <ownerType>USER</ownerType>
            </EntityAcl>
        </ExportManifestProperty>
    </ExportManifestEntity>
    <ExportManifestEntity path="Foodengine Analytics/Images/order.png">
        <ExportManifestProperty>
            <EntityMetaData name="order.png" createdDate="2018-09-26T22:35:50.827+05:30" isFolder="false" path="Foodengine Analytics/Images/order.png" isHidden="true" isSchedulable="true" locale="en_US" title="order.png"/>
        </ExportManifestProperty>
        <ExportManifestProperty>
            <EntityAcl>
                <entriesInheriting>true</entriesInheriting>
                <owner>admin</owner>
                <ownerType>USER</ownerType>
            </EntityAcl>
        </ExportManifestProperty>
    </ExportManifestEntity>
    <ExportManifestEntity path="Foodengine Analytics/Images/redarrow.png">
        <ExportManifestProperty>
            <EntityMetaData name="redarrow.png" createdDate="2018-09-27T20:47:31.287+05:30" isFolder="false" path="Foodengine Analytics/Images/redarrow.png" isHidden="true" isSchedulable="true" locale="en_US" title="redarrow.png"/>
        </ExportManifestProperty>
        <ExportManifestProperty>
            <EntityAcl>
                <entriesInheriting>true</entriesInheriting>
                <owner>admin</owner>
                <ownerType>USER</ownerType>
            </EntityAcl>
        </ExportManifestProperty>
    </ExportManifestEntity>
    <ExportManifestEntity path="Foodengine Analytics/Images/trend.png">
        <ExportManifestProperty>
            <EntityMetaData name="trend.png" createdDate="2018-10-03T20:00:03.983+05:30" isFolder="false" path="Foodengine Analytics/Images/trend.png" isHidden="true" isSchedulable="true" locale="en_US" title="trend.png"/>
        </ExportManifestProperty>
        <ExportManifestProperty>
            <EntityAcl>
                <entriesInheriting>true</entriesInheriting>
                <owner>admin</owner>
                <ownerType>USER</ownerType>
            </EntityAcl>
        </ExportManifestProperty>
    </ExportManifestEntity>
    <ExportManifestEntity path="Foodengine Analytics/Images/visitor.png">
        <ExportManifestProperty>
            <EntityMetaData name="visitor.png" createdDate="2018-09-26T22:06:06.912+05:30" isFolder="false" path="Foodengine Analytics/Images/visitor.png" isHidden="true" isSchedulable="true" locale="en_US" title="visitor.png"/>
        </ExportManifestProperty>
        <ExportManifestProperty>
            <EntityAcl>
                <entriesInheriting>true</entriesInheriting>
                <owner>admin</owner>
                <ownerType>USER</ownerType>
            </EntityAcl>
        </ExportManifestProperty>
    </ExportManifestEntity>
    <ExportManifestEntity path="Foodengine Analytics/Js">
        <ExportManifestProperty>
            <EntityMetaData name="Js" createdDate="2018-09-27T06:08:56.638+05:30" isFolder="true" path="Foodengine Analytics/Js" isHidden="false" isSchedulable="false" locale="en_US" title="Js"/>
        </ExportManifestProperty>
        <ExportManifestProperty>
            <EntityAcl>
                <entriesInheriting>true</entriesInheriting>
                <owner>admin</owner>
                <ownerType>USER</ownerType>
            </EntityAcl>
        </ExportManifestProperty>
    </ExportManifestEntity>
    <ExportManifestEntity path="Foodengine Analytics/Js/.js">
        <ExportManifestProperty>
            <EntityMetaData name=".js" createdDate="2018-10-03T14:09:41.395+05:30" isFolder="false" path="Foodengine Analytics/Js/.js" isHidden="false" isSchedulable="true" locale="en_US" title=".js"/>
        </ExportManifestProperty>
        <ExportManifestProperty>
            <EntityAcl>
                <entriesInheriting>true</entriesInheriting>
                <owner>admin</owner>
                <ownerType>USER</ownerType>
            </EntityAcl>
        </ExportManifestProperty>
    </ExportManifestEntity>
    <ExportManifestEntity path="Foodengine Analytics/Js/dashboard.js">
        <ExportManifestProperty>
            <EntityMetaData name="dashboard.js" createdDate="2018-09-27T06:09:13.604+05:30" isFolder="false" path="Foodengine Analytics/Js/dashboard.js" isHidden="true" isSchedulable="true" locale="en_US" title="dashboard.js"/>
        </ExportManifestProperty>
        <ExportManifestProperty>
            <EntityAcl>
                <entriesInheriting>true</entriesInheriting>
                <owner>admin</owner>
                <ownerType>USER</ownerType>
            </EntityAcl>
        </ExportManifestProperty>
    </ExportManifestEntity>
    <ExportManifestEntity path="Foodengine Analytics/MonthlyOrder.js">
        <ExportManifestProperty>
            <EntityMetaData name="MonthlyOrder.js" createdDate="2018-10-02T16:25:28.721+05:30" isFolder="false" path="Foodengine Analytics/MonthlyOrder.js" isHidden="false" isSchedulable="true" locale="en_US" title="MonthlyOrder.js"/>
        </ExportManifestProperty>
        <ExportManifestProperty>
            <EntityAcl>
                <entriesInheriting>true</entriesInheriting>
                <owner>admin</owner>
                <ownerType>USER</ownerType>
            </EntityAcl>
        </ExportManifestProperty>
    </ExportManifestEntity>
    <ExportManifestEntity path="Foodengine Analytics/MonthlySales.js">
        <ExportManifestProperty>
            <EntityMetaData name="MonthlySales.js" createdDate="2018-09-30T04:37:53.797+05:30" isFolder="false" path="Foodengine Analytics/MonthlySales.js" isHidden="false" isSchedulable="true" locale="en_US" title="MonthlySales.js"/>
        </ExportManifestProperty>
        <ExportManifestProperty>
            <EntityAcl>
                <entriesInheriting>true</entriesInheriting>
                <owner>admin</owner>
                <ownerType>USER</ownerType>
            </EntityAcl>
        </ExportManifestProperty>
    </ExportManifestEntity>
    <ExportManifestEntity path="Foodengine Analytics/SalesOverview.cda">
        <ExportManifestProperty>
            <EntityMetaData name="SalesOverview.cda" createdDate="2018-09-13T15:54:16.609+05:30" isFolder="false" path="Foodengine Analytics/SalesOverview.cda" isHidden="true" isSchedulable="true" locale="en_US" title="SalesOverview.cda"/>
        </ExportManifestProperty>
        <ExportManifestProperty>
            <EntityAcl>
                <entriesInheriting>true</entriesInheriting>
                <owner>admin</owner>
                <ownerType>USER</ownerType>
            </EntityAcl>
        </ExportManifestProperty>
    </ExportManifestEntity>
    <ExportManifestEntity path="Foodengine Analytics/SalesOverview.cdfde">
        <ExportManifestProperty>
            <EntityMetaData name="SalesOverview.cdfde" createdDate="2018-09-13T15:48:13.864+05:30" isFolder="false" path="Foodengine Analytics/SalesOverview.cdfde" isHidden="true" isSchedulable="true" locale="en_US" title="SalesOverview.cdfde"/>
        </ExportManifestProperty>
        <ExportManifestProperty>
            <EntityAcl>
                <entriesInheriting>true</entriesInheriting>
                <owner>admin</owner>
                <ownerType>USER</ownerType>
            </EntityAcl>
        </ExportManifestProperty>
    </ExportManifestEntity>
    <ExportManifestEntity path="Foodengine Analytics/SalesOverview.wcdf">
        <ExportManifestProperty>
            <EntityMetaData name="SalesOverview.wcdf" createdDate="2018-09-13T15:48:13.729+05:30" isFolder="false" path="Foodengine Analytics/SalesOverview.wcdf" isHidden="false" isSchedulable="true" locale="en_US" description="Sales Overview" title="Sales Overview"/>
        </ExportManifestProperty>
        <ExportManifestProperty>
            <EntityAcl>
                <entriesInheriting>true</entriesInheriting>
                <owner>admin</owner>
                <ownerType>USER</ownerType>
            </EntityAcl>
        </ExportManifestProperty>
    </ExportManifestEntity>
    <ExportManifestEntity path="Foodengine Analytics/SalesOverview_MonthlyOrder.js">
        <ExportManifestProperty>
            <EntityMetaData name="SalesOverview_MonthlyOrder.js" createdDate="2018-10-02T16:25:28.651+05:30" isFolder="false" path="Foodengine Analytics/SalesOverview_MonthlyOrder.js" isHidden="false" isSchedulable="true" locale="en_US" title="SalesOverview_MonthlyOrder.js"/>
        </ExportManifestProperty>
        <ExportManifestProperty>
            <EntityAcl>
                <entriesInheriting>true</entriesInheriting>
                <owner>admin</owner>
                <ownerType>USER</ownerType>
            </EntityAcl>
        </ExportManifestProperty>
    </ExportManifestEntity>
    <ExportManifestEntity path="Foodengine Analytics/SalesOverview_MonthlySales.js">
        <ExportManifestProperty>
            <EntityMetaData name="SalesOverview_MonthlySales.js" createdDate="2018-09-30T04:37:53.682+05:30" isFolder="false" path="Foodengine Analytics/SalesOverview_MonthlySales.js" isHidden="false" isSchedulable="true" locale="en_US" title="SalesOverview_MonthlySales.js"/>
        </ExportManifestProperty>
        <ExportManifestProperty>
            <EntityAcl>
                <entriesInheriting>true</entriesInheriting>
                <owner>admin</owner>
                <ownerType>USER</ownerType>
            </EntityAcl>
        </ExportManifestProperty>
    </ExportManifestEntity>
</ns2:ExportManifest>
