<?xml version="1.0" encoding="UTF-8" standalone="yes"?>
<ns2:ExportManifest xmlns:ns2="http://www.pentaho.com/schema/">
    <ExportManifestInformation exportDate="27-09-2018 08:01:52 IST" exportBy="admin" rootFolder="/home/admin/" manifestVersion="2"/>
    <ExportManifestEntity path="Demo">
        <ExportManifestProperty>
            <EntityMetaData name="Demo" createdDate="2018-09-01T11:22:15.418+05:30" isFolder="true" path="Demo" isHidden="false" isSchedulable="false" locale="en_US" title="Demo"/>
        </ExportManifestProperty>
        <ExportManifestProperty>
            <EntityAcl>
                <entriesInheriting>true</entriesInheriting>
                <owner>admin</owner>
                <ownerType>USER</ownerType>
            </EntityAcl>
        </ExportManifestProperty>
    </ExportManifestEntity>
    <ExportManifestEntity path="Demo/Css">
        <ExportManifestProperty>
            <EntityMetaData name="Css" createdDate="2018-09-27T06:36:58.951+05:30" isFolder="true" path="Demo/Css" isHidden="false" isSchedulable="false" locale="en_US" title="Css"/>
        </ExportManifestProperty>
        <ExportManifestProperty>
            <EntityAcl>
                <entriesInheriting>true</entriesInheriting>
                <owner>admin</owner>
                <ownerType>USER</ownerType>
            </EntityAcl>
        </ExportManifestProperty>
    </ExportManifestEntity>
    <ExportManifestEntity path="Demo/Css/style.css">
        <ExportManifestProperty>
            <EntityMetaData name="style.css" createdDate="2018-09-27T06:37:12.761+05:30" isFolder="false" path="Demo/Css/style.css" isHidden="true" isSchedulable="true" locale="en_US" title="style.css"/>
        </ExportManifestProperty>
        <ExportManifestProperty>
            <EntityAcl>
                <entriesInheriting>true</entriesInheriting>
                <owner>admin</owner>
                <ownerType>USER</ownerType>
            </EntityAcl>
        </ExportManifestProperty>
    </ExportManifestEntity>
    <ExportManifestEntity path="Demo/Images">
        <ExportManifestProperty>
            <EntityMetaData name="Images" createdDate="2018-09-24T00:30:25.980+05:30" isFolder="true" path="Demo/Images" isHidden="false" isSchedulable="false" locale="en_US" title="Images"/>
        </ExportManifestProperty>
        <ExportManifestProperty>
            <EntityAcl>
                <entriesInheriting>true</entriesInheriting>
                <owner>admin</owner>
                <ownerType>USER</ownerType>
            </EntityAcl>
        </ExportManifestProperty>
    </ExportManifestEntity>
    <ExportManifestEntity path="Demo/Images/back.png">
        <ExportManifestProperty>
            <EntityMetaData name="back.png" createdDate="2018-09-27T07:21:37.203+05:30" isFolder="false" path="Demo/Images/back.png" isHidden="true" isSchedulable="true" locale="en_US" title="back.png"/>
        </ExportManifestProperty>
        <ExportManifestProperty>
            <EntityAcl>
                <entriesInheriting>true</entriesInheriting>
                <owner>admin</owner>
                <ownerType>USER</ownerType>
            </EntityAcl>
        </ExportManifestProperty>
    </ExportManifestEntity>
    <ExportManifestEntity path="Demo/Images/ecart.png">
        <ExportManifestProperty>
            <EntityMetaData name="ecart.png" createdDate="2018-09-24T01:06:10.490+05:30" isFolder="false" path="Demo/Images/ecart.png" isHidden="false" isSchedulable="true" locale="en_US" title="ecart.png"/>
        </ExportManifestProperty>
        <ExportManifestProperty>
            <EntityAcl>
                <entriesInheriting>true</entriesInheriting>
                <owner>admin</owner>
                <ownerType>USER</ownerType>
            </EntityAcl>
        </ExportManifestProperty>
    </ExportManifestEntity>
    <ExportManifestEntity path="Demo/Images/filter.png">
        <ExportManifestProperty>
            <EntityMetaData name="filter.png" createdDate="2018-09-26T23:03:27.883+05:30" isFolder="false" path="Demo/Images/filter.png" isHidden="true" isSchedulable="true" locale="en_US" title="filter.png"/>
        </ExportManifestProperty>
        <ExportManifestProperty>
            <EntityAcl>
                <entriesInheriting>true</entriesInheriting>
                <owner>admin</owner>
                <ownerType>USER</ownerType>
            </EntityAcl>
        </ExportManifestProperty>
    </ExportManifestEntity>
    <ExportManifestEntity path="Demo/Images/onlinesale.png">
        <ExportManifestProperty>
            <EntityMetaData name="onlinesale.png" createdDate="2018-09-26T22:16:44.327+05:30" isFolder="false" path="Demo/Images/onlinesale.png" isHidden="true" isSchedulable="true" locale="en_US" title="onlinesale.png"/>
        </ExportManifestProperty>
        <ExportManifestProperty>
            <EntityAcl>
                <entriesInheriting>true</entriesInheriting>
                <owner>admin</owner>
                <ownerType>USER</ownerType>
            </EntityAcl>
        </ExportManifestProperty>
    </ExportManifestEntity>
    <ExportManifestEntity path="Demo/Images/order.png">
        <ExportManifestProperty>
            <EntityMetaData name="order.png" createdDate="2018-09-26T22:35:50.827+05:30" isFolder="false" path="Demo/Images/order.png" isHidden="true" isSchedulable="true" locale="en_US" title="order.png"/>
        </ExportManifestProperty>
        <ExportManifestProperty>
            <EntityAcl>
                <entriesInheriting>true</entriesInheriting>
                <owner>admin</owner>
                <ownerType>USER</ownerType>
            </EntityAcl>
        </ExportManifestProperty>
    </ExportManifestEntity>
    <ExportManifestEntity path="Demo/Images/visitor.png">
        <ExportManifestProperty>
            <EntityMetaData name="visitor.png" createdDate="2018-09-26T22:06:06.912+05:30" isFolder="false" path="Demo/Images/visitor.png" isHidden="true" isSchedulable="true" locale="en_US" title="visitor.png"/>
        </ExportManifestProperty>
        <ExportManifestProperty>
            <EntityAcl>
                <entriesInheriting>true</entriesInheriting>
                <owner>admin</owner>
                <ownerType>USER</ownerType>
            </EntityAcl>
        </ExportManifestProperty>
    </ExportManifestEntity>
    <ExportManifestEntity path="Demo/Js">
        <ExportManifestProperty>
            <EntityMetaData name="Js" createdDate="2018-09-27T06:08:56.638+05:30" isFolder="true" path="Demo/Js" isHidden="false" isSchedulable="false" locale="en_US" title="Js"/>
        </ExportManifestProperty>
        <ExportManifestProperty>
            <EntityAcl>
                <entriesInheriting>true</entriesInheriting>
                <owner>admin</owner>
                <ownerType>USER</ownerType>
            </EntityAcl>
        </ExportManifestProperty>
    </ExportManifestEntity>
    <ExportManifestEntity path="Demo/Js/dashboard.js">
        <ExportManifestProperty>
            <EntityMetaData name="dashboard.js" createdDate="2018-09-27T06:09:13.604+05:30" isFolder="false" path="Demo/Js/dashboard.js" isHidden="true" isSchedulable="true" locale="en_US" title="dashboard.js"/>
        </ExportManifestProperty>
        <ExportManifestProperty>
            <EntityAcl>
                <entriesInheriting>true</entriesInheriting>
                <owner>admin</owner>
                <ownerType>USER</ownerType>
            </EntityAcl>
        </ExportManifestProperty>
    </ExportManifestEntity>
    <ExportManifestEntity path="Demo/SalesOverview.cda">
        <ExportManifestProperty>
            <EntityMetaData name="SalesOverview.cda" createdDate="2018-09-13T15:54:16.609+05:30" isFolder="false" path="Demo/SalesOverview.cda" isHidden="false" isSchedulable="true" locale="en_US" title="SalesOverview.cda"/>
        </ExportManifestProperty>
        <ExportManifestProperty>
            <EntityAcl>
                <entriesInheriting>true</entriesInheriting>
                <owner>admin</owner>
                <ownerType>USER</ownerType>
            </EntityAcl>
        </ExportManifestProperty>
    </ExportManifestEntity>
    <ExportManifestEntity path="Demo/SalesOverview.cdfde">
        <ExportManifestProperty>
            <EntityMetaData name="SalesOverview.cdfde" createdDate="2018-09-13T15:48:13.864+05:30" isFolder="false" path="Demo/SalesOverview.cdfde" isHidden="false" isSchedulable="true" locale="en_US" title="SalesOverview.cdfde"/>
        </ExportManifestProperty>
        <ExportManifestProperty>
            <EntityAcl>
                <entriesInheriting>true</entriesInheriting>
                <owner>admin</owner>
                <ownerType>USER</ownerType>
            </EntityAcl>
        </ExportManifestProperty>
    </ExportManifestEntity>
    <ExportManifestEntity path="Demo/SalesOverview.wcdf">
        <ExportManifestProperty>
            <EntityMetaData name="SalesOverview.wcdf" createdDate="2018-09-13T15:48:13.729+05:30" isFolder="false" path="Demo/SalesOverview.wcdf" isHidden="false" isSchedulable="true" locale="en_US" description="Sales Overview" title="Sales Overview"/>
        </ExportManifestProperty>
        <ExportManifestProperty>
            <EntityAcl>
                <entriesInheriting>true</entriesInheriting>
                <owner>admin</owner>
                <ownerType>USER</ownerType>
            </EntityAcl>
        </ExportManifestProperty>
    </ExportManifestEntity>
</ns2:ExportManifest>
